id;nedn;neid;aliasname;nename;necategory;netype;nevendorname;neesn;neip;nemac;version;nestate;createtime;neiptype;subnet;neosversion
1;whoa;20344;excepting;ah amongst;meh;far-off originate foretell;deduct;silently ack given;snob however;or esteem;facilitate aside;32096;painfully;6900;sorrow lucky;haste sweetly ack
2;why;5704;oh;big-hearted oof past;as;annually waterproof;nibble via;any;ew;over;over sick waddle;31114;uncertainty aha vane;13518;qua although;searchingly eventually furthermore
3;dead phew now;25562;er;because chuckle towel;hmph merchandise;until;frozen ouch;apud yowza by;whereas;cloudy;however;14237;after;1405;er;online if unlike
4;eek pump;9809;gunpowder organize;though carelessly;unlike cornet;strong;dancer accelerant tune-up;climb;past;whenever times;why;14006;blah;1411;babyish shopper on;bubbly solidly meanwhile
5;revalue versus;17988;enthrone instead;on gen nervously;hmph espadrille meh;pfft;even;cruelly dictator;pathway access;correspondent quaint;uncurl emission after;22662;blah;2697;the;yahoo incentive
6;up canalize sabotage;2347;comradeship unripe;tactics revolving;amid chilly continue;lounge discrepancy;repatriate whereas;frank;unlike;though unless suddenly;phooey provided excepting;10687;hole merrily;503;manufacture spiff;meh
7;yuck apropos;8799;mmm minute boo;midst surprisingly;well-made whereas muffle;upward order;yesterday extra-small;livid;ack blaring seller;very;gadzooks refrain entire;32000;vice hmph;18277;um cultivar schematize;insignificant
8;gorgeous;7767;content;mattress broadly;tsunami successfully;aw;feline;up serum;sleepy whoever;in;painfully save stall;25666;radiant aside;24129;expurgate who seagull;capitulation
9;survival openly;4166;sup;reprint;yahoo;savage hmph collagen;delicious;reply sideburns;duh;germinate;intubate lovable;21272;utterly grumpy while;4270;tug wherever even;what
10;baggy indeed yuck;5353;package exactly;medicine;bah almost;below solidly quick;instead calculating righteously;nor afore;ferociously;hmph to ugh;and;3171;whereas;31865;forfeit sight fast;ah
